site,arch,diesel_share,co2_med,co2_lo,co2_hi
Lagos,dry,0.0,4912.111615174381,3782.210450780048,6697.529576209672
Lagos,dtc_dry,0.0,4686.9742295839105,3586.7951990826114,6368.157391552274
Lagos,evaporative,0.0,4784.397646231524,3685.679041304859,6480.582166241928
Lagos,dry,0.1,5178.386762951305,4006.18431562769,7039.837609273578
Lagos,dtc_dry,0.1,4952.307125793908,3781.076690257443,6656.796969723445
Lagos,evaporative,0.1,5048.5407289780105,3901.0301979062006,6835.172775512848
Lagos,dry,0.25,5595.209611127393,4297.930993319083,7564.313466224174
Lagos,dtc_dry,0.25,5333.513768345691,4072.6965497072847,7207.464401010295
Lagos,evaporative,0.25,5444.576189635563,4204.25439912064,7342.26624751594
Lagos,dry,0.5,6261.044233774808,4752.068237653216,8485.083193835624
Lagos,dtc_dry,0.5,5979.499418709889,4517.8944622532545,8039.009748479854
Lagos,evaporative,0.5,6106.194268736263,4665.416573695555,8185.350522869705
