site,arch,year,pue,co2_t_fu,ci_ember
Ashburn,dry,2021,1.1435243674097908,3949.5553966962543,0.42378
Ashburn,dry,2022,1.1409475664513438,3816.379298620902,0.41039
Ashburn,dry,2023,1.1406970856396064,3654.296399856931,0.39288999999999996
Ashburn,dry,2024,1.143313966933678,3577.3556827961634,0.38377999999999995
Ashburn,dry,2025,1.1428697773497614,3581.371441445832,0.38439999999999996
Ashburn,dtc_dry,2021,1.107754644076881,3826.712920804346,0.42378
Ashburn,dtc_dry,2022,1.1062504052799091,3700.8048718306723,0.41039
Ashburn,dtc_dry,2023,1.1062821185764122,3542.463334061561,0.39288999999999996
Ashburn,dtc_dry,2024,1.1072038789476595,3463.301442367235,0.38377999999999995
Ashburn,dtc_dry,2025,1.1070371672313701,3468.836473865787,0.38439999999999996
Ashburn,evaporative,2021,1.109059974796228,3819.010854949515,0.42378
Ashburn,evaporative,2022,1.1075997397668447,3692.924892056201,0.41039
Ashburn,evaporative,2023,1.1039056387314454,3523.5544968474796,0.39288999999999996
Ashburn,evaporative,2024,1.1071030173506746,3452.410979147268,0.38377999999999995
Ashburn,evaporative,2025,1.107244878665771,3458.3122862583214,0.38439999999999996
Beijing,dry,2021,1.1419480393704742,5570.285202930257,0.59905
Beijing,dry,2022,1.1436942128054455,5463.137956337503,0.58675
Beijing,dry,2023,1.148631660075885,5453.95273029963,0.58304
Beijing,dry,2024,1.1472223674982316,5188.999910614636,0.5554
Beijing,dry,2025,1.1498611870384403,4919.55311250932,0.52534
Beijing,dtc_dry,2021,1.1070368014972258,5404.836612260024,0.59905
Beijing,dtc_dry,2022,1.1097454528937374,5306.692359843111,0.58675
Beijing,dtc_dry,2023,1.1125442383289954,5285.660591303902,0.58304
Beijing,dtc_dry,2024,1.1117330459281753,5030.757701732244,0.5554
Beijing,dtc_dry,2025,1.1141892737447083,4769.041035918146,0.52534
Beijing,evaporative,2021,1.1086767009430276,5396.377762646629,0.59905
Beijing,evaporative,2022,1.1082260886465005,5283.663297530625,0.58675
Beijing,evaporative,2023,1.1086809667576896,5252.6759401934305,0.58304
Beijing,evaporative,2024,1.1097677764350191,5008.879715911155,0.5554
Beijing,evaporative,2025,1.1116102995024444,4746.31792683166,0.52534
Lagos,dry,2021,1.2158846948144637,5174.6184705497235,0.5227
Lagos,dry,2022,1.2125633464622756,4910.715690615805,0.49737
Lagos,dry,2023,1.2153456638455278,5048.910153914639,0.5102599999999999
Lagos,dry,2024,1.2176229803840295,4915.007144221085,0.49574
Lagos,dry,2025,1.216046671932912,4512.098268892765,0.45571
Lagos,dtc_dry,2021,1.1585089413571956,4941.116004449936,0.5227
Lagos,dtc_dry,2022,1.152466400482479,4678.55885455657,0.49737
Lagos,dtc_dry,2023,1.157292198280396,4817.765073110826,0.5102599999999999
Lagos,dtc_dry,2024,1.159885965812153,4692.569586082631,0.49574
Lagos,dtc_dry,2025,1.15878452072994,4308.696034395018,0.45571
Lagos,evaporative,2021,1.183087558549369,5040.05448160383,0.5227
Lagos,evaporative,2022,1.1801097126436564,4782.612251964173,0.49737
Lagos,evaporative,2023,1.1823966190106008,4917.141313392081,0.5102599999999999
Lagos,evaporative,2024,1.1839307927676885,4782.600522887637,0.49574
Lagos,evaporative,2025,1.1844382084078788,4398.787243413797,0.45571
Marrakech,dry,2021,1.173392835291176,6120.35499558268,0.63995
Marrakech,dry,2022,1.1791793121086829,6366.831271938484,0.66264
Marrakech,dry,2023,1.180511559121941,5929.067819476284,0.6163500000000001
Marrakech,dry,2024,1.1807544489252284,5724.871189954838,0.59481
Marrakech,dry,2025,1.180604510025033,5736.990810005123,0.5963999999999999
Marrakech,dtc_dry,2021,1.1245956904305086,5865.095317579566,0.63995
Marrakech,dtc_dry,2022,1.1286906058459076,6093.434786139183,0.66264
Marrakech,dtc_dry,2023,1.1298161164415874,5674.003027541733,0.6163500000000001
Marrakech,dtc_dry,2024,1.1280959659484644,5466.7131379981,0.59481
Marrakech,dtc_dry,2025,1.1298491753439541,5490.042391180801,0.5963999999999999
Marrakech,evaporative,2021,1.0964564356359416,5710.138191055321,0.63995
Marrakech,evaporative,2022,1.0989058947935502,5925.814818410832,0.66264
Marrakech,evaporative,2023,1.098740972561048,5510.191068308118,0.6163500000000001
Marrakech,evaporative,2024,1.1002857252566405,5323.714497636989,0.59481
Marrakech,evaporative,2025,1.1015284660454605,5350.7057001452395,0.5963999999999999
Oslo,dry,2021,1.1137470903176196,244.3830066808847,0.026920000000000003
Oslo,dry,2022,1.1122425239289297,268.79856357027603,0.02964
Oslo,dry,2023,1.1145001207993763,276.52318729061903,0.03046
Oslo,dry,2024,1.1125452677182217,269.0133327999186,0.02966
Oslo,dry,2025,1.1144080503890297,255.36792805028142,0.02811
Oslo,dtc_dry,2021,1.0931630416876805,239.51559260723997,0.026920000000000003
Oslo,dtc_dry,2022,1.0926934960592456,263.53830004309975,0.02964
Oslo,dtc_dry,2023,1.0932790311626595,271.0327200831774,0.03046
Oslo,dtc_dry,2024,1.0925288301319034,263.6865569131942,0.02966
Oslo,dtc_dry,2025,1.0936314044687003,250.20562741250643,0.02811
Oslo,evaporative,2021,1.0910143902585712,238.76317212931227,0.026920000000000003
Oslo,evaporative,2022,1.090951230580028,262.8522727809907,0.02964
Oslo,evaporative,2023,1.0903549852820338,270.01936775053,0.03046
Oslo,evaporative,2024,1.0908319697586613,263.0230670104893,0.02966
Oslo,evaporative,2025,1.0911523610267744,249.34474972563817,0.02811
Paris,dry,2021,1.122817654301703,547.4659089164596,0.0598
Paris,dry,2022,1.1307848442414417,723.7407421584127,0.07854000000000001
Paris,dry,2023,1.1284643153347718,490.3542758794917,0.053259999999999995
Paris,dry,2024,1.1239187899536964,370.8667733593463,0.040479999999999995
Paris,dry,2025,1.1295869652535977,381.6353520429168,0.04144
Paris,dtc_dry,2021,1.0958948292383028,533.7910648474996,0.0598
Paris,dtc_dry,2022,1.0995467710552793,703.603272311587,0.07854000000000001
Paris,dtc_dry,2023,1.0986873145506557,476.7116084108674,0.053259999999999995
Paris,dtc_dry,2024,1.0964014535959308,361.4582866810953,0.040479999999999995
Paris,dtc_dry,2025,1.0995672728178683,371.175180263429,0.04144
Paris,evaporative,2021,1.0916264086767336,530.6933398791155,0.0598
Paris,evaporative,2022,1.0917445512100783,696.9888125264695,0.07854000000000001
Paris,evaporative,2023,1.0939944139926805,473.45040853167257,0.053259999999999995
Paris,evaporative,2024,1.0928327923543395,359.31088567671276,0.040479999999999995
Paris,evaporative,2025,1.0924379472197114,367.7447845384306,0.04144
