country,year,carbon_intensity_elec,fossil_share_elec,ci_kg_per_kwh
China,2021,599.05,66.531,0.59905
China,2022,586.75,65.097,0.58675
China,2023,583.04,64.797,0.58304
China,2024,555.4,61.835,0.5554
China,2025,525.34,58.349,0.52534
France,2021,59.8,8.877,0.0598
France,2022,78.54,12.883,0.07854000000000001
France,2023,53.26,7.915,0.053259999999999995
France,2024,40.48,5.102,0.040479999999999995
France,2025,41.44,5.149,0.04144
Morocco,2021,639.95,80.194,0.63995
Morocco,2022,662.64,81.816,0.66264
Morocco,2023,616.35,78.285,0.6163500000000001
Morocco,2024,594.81,75.59,0.59481
Morocco,2025,596.4,76.045,0.5963999999999999
Nigeria,2021,522.7,79.337,0.5227
Nigeria,2022,497.37,75.289,0.49737
Nigeria,2023,510.26,77.322,0.5102599999999999
Nigeria,2024,495.74,75.0,0.49574
Nigeria,2025,455.71,68.681,0.45571
Norway,2021,26.92,0.681,0.026920000000000003
Norway,2022,29.64,1.355,0.02964
Norway,2023,30.46,1.53,0.03046
Norway,2024,29.66,1.394,0.02966
Norway,2025,28.11,1.001,0.02811
United States,2021,423.78,60.487,0.42378
United States,2022,410.39,59.652,0.41039
United States,2023,392.89,59.106,0.39288999999999996
United States,2024,383.78,58.131,0.38377999999999995
United States,2025,384.4,56.998,0.38439999999999996
