param,S1,ST,ST_conf,site
mfu,0.5152,0.5141,0.076,Oslo
p_it_per_gpu_kw,0.3144,0.3467,0.0664,Oslo
overhead_wallclock,0.0598,0.065,0.0127,Oslo
f_elec,0.0039,0.0043,0.001,Oslo
f_air,0.0017,0.0016,0.0003,Oslo
t_chw,0.0003,0.0,0.0,Oslo
a_tower,0.0001,0.0,0.0,Oslo
a_dry,-0.0001,0.0,0.0,Oslo
eta_carnot,0.0,0.0,0.0,Oslo
e_pump_tower,0.0004,0.0001,0.0,Oslo
e_dry_fan,-0.0007,0.0008,0.0002,Oslo
cycles_conc,0.0,0.0,0.0,Oslo
grid_rel_err,0.0769,0.0772,0.0173,Oslo
mfu,0.5149,0.5139,0.0762,Paris
p_it_per_gpu_kw,0.3143,0.3464,0.0665,Paris
overhead_wallclock,0.0598,0.065,0.0127,Paris
f_elec,0.0039,0.0043,0.001,Paris
f_air,0.0017,0.0016,0.0003,Paris
t_chw,0.0006,0.0001,0.0,Paris
a_tower,0.0001,0.0001,0.0,Paris
a_dry,-0.0001,0.0,0.0,Paris
eta_carnot,0.0,0.0,0.0,Paris
e_pump_tower,0.0006,0.0002,0.0,Paris
e_dry_fan,-0.0005,0.0005,0.0001,Paris
cycles_conc,0.0,0.0,0.0,Paris
grid_rel_err,0.0768,0.0772,0.0174,Paris
mfu,0.5144,0.5133,0.0763,Ashburn
p_it_per_gpu_kw,0.3141,0.346,0.0667,Ashburn
overhead_wallclock,0.0596,0.0649,0.0128,Ashburn
f_elec,0.0038,0.0043,0.001,Ashburn
f_air,0.0017,0.0016,0.0003,Ashburn
t_chw,0.0003,0.0006,0.0001,Ashburn
a_tower,0.0001,0.0002,0.0001,Ashburn
a_dry,-0.0001,0.0,0.0,Ashburn
eta_carnot,0.0001,0.0,0.0,Ashburn
e_pump_tower,0.0004,0.0002,0.0,Ashburn
e_dry_fan,-0.0006,0.0003,0.0001,Ashburn
cycles_conc,0.0,0.0,0.0,Ashburn
grid_rel_err,0.0768,0.0771,0.0174,Ashburn
mfu,0.5148,0.5136,0.0762,Beijing
p_it_per_gpu_kw,0.3143,0.3463,0.0667,Beijing
overhead_wallclock,0.0596,0.0649,0.0128,Beijing
f_elec,0.0038,0.0043,0.001,Beijing
f_air,0.0017,0.0016,0.0003,Beijing
t_chw,0.0002,0.0004,0.0001,Beijing
a_tower,0.0,0.0002,0.0,Beijing
a_dry,-0.0,0.0,0.0,Beijing
eta_carnot,0.0002,0.0,0.0,Beijing
e_pump_tower,0.0003,0.0002,0.0,Beijing
e_dry_fan,-0.0006,0.0003,0.0001,Beijing
cycles_conc,0.0,0.0,0.0,Beijing
grid_rel_err,0.0769,0.0771,0.0174,Beijing
mfu,0.5133,0.5124,0.0766,Marrakech
p_it_per_gpu_kw,0.3137,0.3453,0.0669,Marrakech
overhead_wallclock,0.0593,0.0647,0.0129,Marrakech
f_elec,0.0038,0.0043,0.001,Marrakech
f_air,0.0018,0.0016,0.0003,Marrakech
t_chw,0.0008,0.0011,0.0002,Marrakech
a_tower,0.0003,0.0004,0.0001,Marrakech
a_dry,-0.0,0.0,0.0,Marrakech
eta_carnot,0.0001,0.0,0.0,Marrakech
e_pump_tower,0.0007,0.0006,0.0001,Marrakech
e_dry_fan,-0.0001,0.0,0.0,Marrakech
cycles_conc,0.0,0.0,0.0,Marrakech
grid_rel_err,0.0767,0.0769,0.0174,Marrakech
mfu,0.513,0.5118,0.0764,Lagos
p_it_per_gpu_kw,0.3131,0.3451,0.0666,Lagos
overhead_wallclock,0.0591,0.0647,0.013,Lagos
f_elec,0.0037,0.0043,0.001,Lagos
f_air,0.0018,0.0016,0.0003,Lagos
t_chw,0.001,0.0013,0.0003,Lagos
a_tower,-0.0003,0.0004,0.0001,Lagos
a_dry,0.0,0.0,0.0,Lagos
eta_carnot,0.0019,0.0012,0.0002,Lagos
e_pump_tower,0.0004,0.0007,0.0001,Lagos
e_dry_fan,0.0,0.0,0.0,Lagos
cycles_conc,0.0,0.0,0.0,Lagos
grid_rel_err,0.077,0.0767,0.0173,Lagos
