Site,Architecture,PUE,WUE (L/kWh_IT),tCO2e per 1e25 FLOP,Water (thousand m3 per 1e25 FLOP)
Oslo,Air + dry cooler / air-cooled chiller,1.113 (1.084-1.146),0.00 (0.00-0.00),263 (202-357),0.0 (0.0-0.0)
Oslo,Direct-to-chip liquid + dry cooler,1.093 (1.069-1.119),0.00 (0.00-0.00),258 (199-349),0.0 (0.0-0.0)
Oslo,Air + hybrid cooling tower (evaporative),1.091 (1.067-1.118),0.57 (0.37-0.81),257 (197-348),4.7 (2.8-7.4)
Paris,Air + dry cooler / air-cooled chiller,1.127 (1.097-1.161),0.00 (0.00-0.00),503 (387-683),0.0 (0.0-0.0)
Paris,Direct-to-chip liquid + dry cooler,1.098 (1.074-1.125),0.00 (0.00-0.00),489 (377-663),0.0 (0.0-0.0)
Paris,Air + hybrid cooling tower (evaporative),1.093 (1.069-1.120),0.83 (0.59-1.17),486 (374-658),6.9 (4.4-10.7)
Ashburn,Air + dry cooler / air-cooled chiller,1.142 (1.112-1.175),0.00 (0.00-0.00),"3,716 (2,849-5,055)",0.0 (0.0-0.0)
Ashburn,Direct-to-chip liquid + dry cooler,1.107 (1.081-1.135),0.00 (0.00-0.00),"3,600 (2,771-4,873)",0.0 (0.0-0.0)
Ashburn,Air + hybrid cooling tower (evaporative),1.107 (1.083-1.135),1.00 (0.82-1.21),"3,589 (2,769-4,871)",8.2 (5.9-11.5)
Beijing,Air + dry cooler / air-cooled chiller,1.146 (1.117-1.178),0.00 (0.00-0.00),"5,319 (4,084-7,247)",0.0 (0.0-0.0)
Beijing,Direct-to-chip liquid + dry cooler,1.111 (1.086-1.140),0.00 (0.00-0.00),"5,159 (3,970-6,986)",0.0 (0.0-0.0)
Beijing,Air + hybrid cooling tower (evaporative),1.109 (1.085-1.137),0.98 (0.84-1.16),"5,137 (3,959-6,970)",8.1 (5.9-11.2)
Marrakech,Air + dry cooler / air-cooled chiller,1.179 (1.146-1.216),0.00 (0.00-0.00),"5,976 (4,593-8,164)",0.0 (0.0-0.0)
Marrakech,Direct-to-chip liquid + dry cooler,1.128 (1.100-1.159),0.00 (0.00-0.00),"5,717 (4,393-7,745)",0.0 (0.0-0.0)
Marrakech,Air + hybrid cooling tower (evaporative),1.099 (1.075-1.130),1.47 (1.24-1.74),"5,563 (4,299-7,531)",12.0 (8.8-16.8)
Lagos,Air + dry cooler / air-cooled chiller,1.216 (1.180-1.256),0.00 (0.00-0.00),"4,912 (3,782-6,697)",0.0 (0.0-0.0)
Lagos,Direct-to-chip liquid + dry cooler,1.158 (1.109-1.199),0.00 (0.00-0.00),"4,687 (3,587-6,368)",0.0 (0.0-0.0)
Lagos,Air + hybrid cooling tower (evaporative),1.183 (1.154-1.220),1.92 (1.79-2.17),"4,784 (3,686-6,480)",15.8 (12.0-21.5)
