campus,year,ttm_pue,source
"Loudoun County, Virginia",2021,1.10,https://datacenters.google/efficiency (Q4 TTM; first facility)
"Loudoun County, Virginia",2022,1.09,https://datacenters.google/efficiency (Q4 TTM; first facility)
"Loudoun County, Virginia",2023,1.08,https://datacenters.google/efficiency (Q4 TTM; first facility)
"Loudoun County, Virginia",2024,1.09,https://datacenters.google/efficiency (Q4 TTM; first facility)
"Loudoun County, Virginia",2025,1.08,https://datacenters.google/efficiency (Q4 TTM; first facility)
"St. Ghislain, Belgium",2021,1.08,https://datacenters.google/efficiency (Q4 TTM)
"St. Ghislain, Belgium",2022,1.09,https://datacenters.google/efficiency (Q4 TTM)
"St. Ghislain, Belgium",2023,1.09,https://datacenters.google/efficiency (Q4 TTM)
"St. Ghislain, Belgium",2024,1.08,https://datacenters.google/efficiency (Q4 TTM)
"St. Ghislain, Belgium",2025,1.08,https://datacenters.google/efficiency (Q4 TTM)
Singapore,2021,1.13,https://datacenters.google/efficiency (Q4 TTM; first facility)
Singapore,2022,1.13,https://datacenters.google/efficiency (Q4 TTM; first facility)
Singapore,2023,1.13,https://datacenters.google/efficiency (Q4 TTM; first facility)
Singapore,2024,1.13,https://datacenters.google/efficiency (Q4 TTM; first facility)
Singapore,2025,1.12,https://datacenters.google/efficiency (Q4 TTM; first facility)
"Council Bluffs, Iowa",2021,1.12,https://datacenters.google/efficiency (Q4 TTM; first facility)
"Council Bluffs, Iowa",2022,1.12,https://datacenters.google/efficiency (Q4 TTM; first facility)
"Council Bluffs, Iowa",2023,1.11,https://datacenters.google/efficiency (Q4 TTM; first facility)
"Council Bluffs, Iowa",2024,1.11,https://datacenters.google/efficiency (Q4 TTM; first facility)
"Council Bluffs, Iowa",2025,1.11,https://datacenters.google/efficiency (Q4 TTM; first facility)
"Changhua County, Taiwan",2021,1.12,https://datacenters.google/efficiency (Q4 TTM)
"Changhua County, Taiwan",2022,1.12,https://datacenters.google/efficiency (Q4 TTM)
"Changhua County, Taiwan",2023,1.12,https://datacenters.google/efficiency (Q4 TTM)
"Changhua County, Taiwan",2024,1.13,https://datacenters.google/efficiency (Q4 TTM)
"Changhua County, Taiwan",2025,1.13,https://datacenters.google/efficiency (Q4 TTM)
"Quilicura, Chile",2021,1.09,https://datacenters.google/efficiency (Q4 TTM)
"Quilicura, Chile",2022,1.09,https://datacenters.google/efficiency (Q4 TTM)
"Quilicura, Chile",2023,1.09,https://datacenters.google/efficiency (Q4 TTM)
"Quilicura, Chile",2024,1.09,https://datacenters.google/efficiency (Q4 TTM)
"Quilicura, Chile",2025,1.08,https://datacenters.google/efficiency (Q4 TTM)
"Midlothian, Texas",2022,1.16,https://datacenters.google/efficiency (Q4 TTM)
"Midlothian, Texas",2023,1.13,https://datacenters.google/efficiency (Q4 TTM)
"Midlothian, Texas",2024,1.10,https://datacenters.google/efficiency (Q4 TTM)
"Midlothian, Texas",2025,1.10,https://datacenters.google/efficiency (Q4 TTM)
"Dublin, Ireland",2021,1.09,https://datacenters.google/efficiency (Q4 TTM)
"Dublin, Ireland",2022,1.09,https://datacenters.google/efficiency (Q4 TTM)
"Dublin, Ireland",2023,1.08,https://datacenters.google/efficiency (Q4 TTM)
"Dublin, Ireland",2024,1.08,https://datacenters.google/efficiency (Q4 TTM)
"Dublin, Ireland",2025,1.08,https://datacenters.google/efficiency (Q4 TTM)
"Eemshaven, Netherlands",2021,1.08,https://datacenters.google/efficiency (Q4 TTM)
"Eemshaven, Netherlands",2022,1.07,https://datacenters.google/efficiency (Q4 TTM)
"Eemshaven, Netherlands",2023,1.08,https://datacenters.google/efficiency (Q4 TTM)
"Eemshaven, Netherlands",2024,1.08,https://datacenters.google/efficiency (Q4 TTM)
"Eemshaven, Netherlands",2025,1.07,https://datacenters.google/efficiency (Q4 TTM)
"Fredericia, Denmark",2022,1.12,https://datacenters.google/efficiency (Q4 TTM)
"Fredericia, Denmark",2023,1.10,https://datacenters.google/efficiency (Q4 TTM)
"Fredericia, Denmark",2024,1.07,https://datacenters.google/efficiency (Q4 TTM)
"Fredericia, Denmark",2025,1.07,https://datacenters.google/efficiency (Q4 TTM)
"The Dalles, Oregon",2021,1.11,https://datacenters.google/efficiency (Q4 TTM; first facility)
"The Dalles, Oregon",2022,1.10,https://datacenters.google/efficiency (Q4 TTM; first facility)
"The Dalles, Oregon",2023,1.10,https://datacenters.google/efficiency (Q4 TTM; first facility)
"The Dalles, Oregon",2024,1.10,https://datacenters.google/efficiency (Q4 TTM; first facility)
"The Dalles, Oregon",2025,1.10,https://datacenters.google/efficiency (Q4 TTM; first facility)
"Douglas County, Georgia",2021,1.09,https://datacenters.google/efficiency (Q4 TTM)
"Douglas County, Georgia",2022,1.09,https://datacenters.google/efficiency (Q4 TTM)
"Douglas County, Georgia",2023,1.09,https://datacenters.google/efficiency (Q4 TTM)
"Douglas County, Georgia",2024,1.09,https://datacenters.google/efficiency (Q4 TTM)
"Douglas County, Georgia",2025,1.09,https://datacenters.google/efficiency (Q4 TTM)
"Henderson, Nevada",2022,1.11,https://datacenters.google/efficiency (Q4 TTM)
"Henderson, Nevada",2023,1.08,https://datacenters.google/efficiency (Q4 TTM)
"Henderson, Nevada",2024,1.09,https://datacenters.google/efficiency (Q4 TTM)
"Henderson, Nevada",2025,1.09,https://datacenters.google/efficiency (Q4 TTM)
"Mayes County, Oklahoma",2021,1.10,https://datacenters.google/efficiency (Q4 TTM)
"Mayes County, Oklahoma",2022,1.10,https://datacenters.google/efficiency (Q4 TTM)
"Mayes County, Oklahoma",2023,1.10,https://datacenters.google/efficiency (Q4 TTM)
"Mayes County, Oklahoma",2024,1.11,https://datacenters.google/efficiency (Q4 TTM)
"Mayes County, Oklahoma",2025,1.12,https://datacenters.google/efficiency (Q4 TTM)
